-- smazání všech záznamů z tabulek

CREATE or replace FUNCTION clean_tables() RETURNS void AS $$
declare
  l_stmt text;
begin
  select 'truncate ' || string_agg(format('%I.%I', schemaname, tablename) , ',')
    into l_stmt
  from pg_tables
  where schemaname in ('public');

  execute l_stmt || ' cascade';
end;
$$ LANGUAGE plpgsql;
select clean_tables();

-- reset sekvenci

CREATE or replace FUNCTION restart_sequences() RETURNS void AS $$
DECLARE
i TEXT;
BEGIN
 FOR i IN (SELECT column_default FROM information_schema.columns WHERE column_default SIMILAR TO 'nextval%')
  LOOP
         EXECUTE 'ALTER SEQUENCE'||' ' || substring(substring(i from '''[a-z_]*')from '[a-z_]+') || ' '||' RESTART 1;';
  END LOOP;
END $$ LANGUAGE plpgsql;
select restart_sequences();
-- konec resetu

-- konec mazání

-- lifeform ---------------------------------------------------------------------------------------
insert into lifeform (lifeform_id) values (1);
insert into lifeform (lifeform_id) values (2);
insert into lifeform (lifeform_id) values (3);
insert into lifeform (lifeform_id) values (4);
insert into lifeform (lifeform_id) values (5);
insert into lifeform (lifeform_id) values (6);
insert into lifeform (lifeform_id) values (7);
insert into lifeform (lifeform_id) values (8);
insert into lifeform (lifeform_id) values (9);
insert into lifeform (lifeform_id) values (10);
insert into lifeform (lifeform_id) values (11);
insert into lifeform (lifeform_id) values (12);
insert into lifeform (lifeform_id) values (13);
insert into lifeform (lifeform_id) values (14);
insert into lifeform (lifeform_id) values (15);
insert into lifeform (lifeform_id) values (16);
insert into lifeform (lifeform_id) values (17);
insert into lifeform (lifeform_id) values (18);
insert into lifeform (lifeform_id) values (19);
insert into lifeform (lifeform_id) values (20);
insert into lifeform (lifeform_id) values (21);
insert into lifeform (lifeform_id) values (22);
insert into lifeform (lifeform_id) values (23);
insert into lifeform (lifeform_id) values (24);
insert into lifeform (lifeform_id) values (25);
insert into lifeform (lifeform_id) values (26);
insert into lifeform (lifeform_id) values (27);
insert into lifeform (lifeform_id) values (28);
insert into lifeform (lifeform_id) values (29);
insert into lifeform (lifeform_id) values (30);
insert into lifeform (lifeform_id) values (31);
insert into lifeform (lifeform_id) values (32);
insert into lifeform (lifeform_id) values (33);
insert into lifeform (lifeform_id) values (34);
insert into lifeform (lifeform_id) values (35);
insert into lifeform (lifeform_id) values (36);
insert into lifeform (lifeform_id) values (37);
insert into lifeform (lifeform_id) values (38);
insert into lifeform (lifeform_id) values (39);
insert into lifeform (lifeform_id) values (40);
insert into lifeform (lifeform_id) values (41);
insert into lifeform (lifeform_id) values (42);
insert into lifeform (lifeform_id) values (43);
insert into lifeform (lifeform_id) values (44);
insert into lifeform (lifeform_id) values (45);
insert into lifeform (lifeform_id) values (46);
insert into lifeform (lifeform_id) values (47);
insert into lifeform (lifeform_id) values (48);
insert into lifeform (lifeform_id) values (49);
insert into lifeform (lifeform_id) values (50);
insert into lifeform (lifeform_id) values (51);
insert into lifeform (lifeform_id) values (52);
insert into lifeform (lifeform_id) values (53);
insert into lifeform (lifeform_id) values (54);
insert into lifeform (lifeform_id) values (55);
insert into lifeform (lifeform_id) values (56);
insert into lifeform (lifeform_id) values (57);
insert into lifeform (lifeform_id) values (58);
insert into lifeform (lifeform_id) values (59);
insert into lifeform (lifeform_id) values (60);
insert into lifeform (lifeform_id) values (61);
insert into lifeform (lifeform_id) values (62);
insert into lifeform (lifeform_id) values (63);
insert into lifeform (lifeform_id) values (64);
insert into lifeform (lifeform_id) values (65);
insert into lifeform (lifeform_id) values (66);
insert into lifeform (lifeform_id) values (67);
insert into lifeform (lifeform_id) values (68);
insert into lifeform (lifeform_id) values (69);
insert into lifeform (lifeform_id) values (70);
insert into lifeform (lifeform_id) values (71);
insert into lifeform (lifeform_id) values (72);
insert into lifeform (lifeform_id) values (73);
insert into lifeform (lifeform_id) values (74);
insert into lifeform (lifeform_id) values (75);
insert into lifeform (lifeform_id) values (76);
insert into lifeform (lifeform_id) values (77);
insert into lifeform (lifeform_id) values (78);
insert into lifeform (lifeform_id) values (79);
insert into lifeform (lifeform_id) values (80);
insert into lifeform (lifeform_id) values (81);
insert into lifeform (lifeform_id) values (82);
insert into lifeform (lifeform_id) values (83);
insert into lifeform (lifeform_id) values (84);
insert into lifeform (lifeform_id) values (85);
insert into lifeform (lifeform_id) values (86);
insert into lifeform (lifeform_id) values (87);
insert into lifeform (lifeform_id) values (88);
insert into lifeform (lifeform_id) values (89);
insert into lifeform (lifeform_id) values (90);
insert into lifeform (lifeform_id) values (91);
insert into lifeform (lifeform_id) values (92);
insert into lifeform (lifeform_id) values (93);
insert into lifeform (lifeform_id) values (94);
insert into lifeform (lifeform_id) values (95);
insert into lifeform (lifeform_id) values (96);
insert into lifeform (lifeform_id) values (97);
insert into lifeform (lifeform_id) values (98);
insert into lifeform (lifeform_id) values (99);
insert into lifeform (lifeform_id) values (100);
select setval(pg_get_serial_sequence('lifeform' , 'lifeform_id'),100);
--=============================================================================================================

--sector=======================================================================================================
insert into sector (sector_id, coordinate_x, coordinate_y, coordinate_z, coordinate_w, purpose, power_consumption) values (1, 28.1962471, 84.3857442, 24.7048435, 35.904442, 'Compactor', 170806);
insert into sector (sector_id, coordinate_x, coordinate_y, coordinate_z, coordinate_w, purpose, power_consumption) values (2, -6.8, 106.183333, 8.853929, -6.7967069, 'Crawler', 985910);
insert into sector (sector_id, coordinate_x, coordinate_y, coordinate_z, coordinate_w, purpose, power_consumption) values (3, 52.0402452, 33.9293828, 40.536014, null, 'Skid-Steer', 832951);
insert into sector (sector_id, coordinate_x, coordinate_y, coordinate_z, coordinate_w, purpose, power_consumption) values (4, 39.7433445, -8.942153, 44.367191, null, 'Trencher', 376029);
insert into sector (sector_id, coordinate_x, coordinate_y, coordinate_z, coordinate_w, purpose, power_consumption) values (5, 41.9121057, 22.4068944, 51.07588, null, 'Grader', 935108);
insert into sector (sector_id, coordinate_x, coordinate_y, coordinate_z, coordinate_w, purpose, power_consumption) values (6, 6.7866898, 6.9490955, -2.176347, null, 'Dump Truck', 838962);
insert into sector (sector_id, coordinate_x, coordinate_y, coordinate_z, coordinate_w, purpose, power_consumption) values (7, -27.3482312, -51.6044276, -19.9245018, 30.145729, 'Grader', 111937);
insert into sector (sector_id, coordinate_x, coordinate_y, coordinate_z, coordinate_w, purpose, power_consumption) values (8, 35.65599, 35.88871, 32.9901414, null, 'Dump Truck', 696584);
insert into sector (sector_id, coordinate_x, coordinate_y, coordinate_z, coordinate_w, purpose, power_consumption) values (9, 46.08341, -62.88197, 7.8401615, null, 'Skid-Steer', 898190);
insert into sector (sector_id, coordinate_x, coordinate_y, coordinate_z, coordinate_w, purpose, power_consumption) values (10, 38.7136413, -9.3736528, 6.5959532, null, 'Scraper', 711978);
insert into sector (sector_id, coordinate_x, coordinate_y, coordinate_z, coordinate_w, purpose, power_consumption) values (11, 22.3825415, -80.847466, 35.288456, -37.1954967, 'Excavator', 391860);
insert into sector (sector_id, coordinate_x, coordinate_y, coordinate_z, coordinate_w, purpose, power_consumption) values (12, 49.7274403, 13.2462275, 11.3008218, null, 'Scraper', 280329);
insert into sector (sector_id, coordinate_x, coordinate_y, coordinate_z, coordinate_w, purpose, power_consumption) values (13, -21.6029893, -48.3644226, 29.915414, 33.1401715, 'Excavator', 56318);
insert into sector (sector_id, coordinate_x, coordinate_y, coordinate_z, coordinate_w, purpose, power_consumption) values (14, -28.8953831, 27.9073244, 50.404284, 51.9301973, 'Dump Truck', 160765);
insert into sector (sector_id, coordinate_x, coordinate_y, coordinate_z, coordinate_w, purpose, power_consumption) values (15, 1.5837191, 10.4705682, -6.5801079, null, 'Compactor', 103536);
select setval(pg_get_serial_sequence('sector' , 'sector_id'),15);
--------------------------------------------------------------------------------------------------------------------

--citizen=======================================================================================================
insert into citizen (citizen_id, first_name, surname, date_of_birth, date_of_passing, lifeform_id) values (1, 'Alair', 'Bradan', '36-78-49294', '11-46-048871', 81);
insert into citizen (citizen_id, first_name, surname, date_of_birth, date_of_passing, lifeform_id) values (2, 'Zeb', 'Rebeca', '59-58-72912', '27-95-266414', 82);
insert into citizen (citizen_id, first_name, surname, date_of_birth, date_of_passing, lifeform_id) values (3, 'Justino', 'Lib', '52-88-04444', '31-05-540059', 83);
insert into citizen (citizen_id, first_name, surname, date_of_birth, date_of_passing, lifeform_id) values (4, 'Lotte', 'Jaine', '98-66-90669', '91-25-197210', 84);
insert into citizen (citizen_id, first_name, surname, date_of_birth, date_of_passing, lifeform_id) values (5, 'Emalia', 'Kriste', '97-00-05183', '98-31-645031', 85);
insert into citizen (citizen_id, first_name, surname, date_of_birth, date_of_passing, lifeform_id) values (6, 'Pembroke', 'Hartley', '74-24-15519', '27-49-497308', 86);
insert into citizen (citizen_id, first_name, surname, date_of_birth, date_of_passing, lifeform_id) values (7, 'Jacob', 'Neville', '78-76-14681', '23-02-406215', 87);
insert into citizen (citizen_id, first_name, surname, date_of_birth, date_of_passing, lifeform_id) values (8, 'Viviana', 'Dorie', '07-96-17429', '62-88-023953', 88);
insert into citizen (citizen_id, first_name, surname, date_of_birth, date_of_passing, lifeform_id) values (9, 'Vale', 'Ellyn', '01-97-88500', '95-79-086396', 89);
insert into citizen (citizen_id, first_name, surname, date_of_birth, date_of_passing, lifeform_id) values (10, 'Marabel', 'Salomon', '47-40-09715', '65-66-542777', 90);
insert into citizen (citizen_id, first_name, surname, date_of_birth, date_of_passing, lifeform_id) values (11, 'Tibold', 'Lorri', '60-76-42958', '25-64-242411', 91);
insert into citizen (citizen_id, first_name, surname, date_of_birth, date_of_passing, lifeform_id) values (12, 'Karalee', 'Annadiane', '12-94-99046', '92-40-837536', 92);
insert into citizen (citizen_id, first_name, surname, date_of_birth, date_of_passing, lifeform_id) values (13, 'Christye', 'Zita', '10-54-91570', '56-73-510952', 93);
insert into citizen (citizen_id, first_name, surname, date_of_birth, date_of_passing, lifeform_id) values (14, 'Pamelina', 'Avram', '64-83-44642', '46-33-099109', 94);
insert into citizen (citizen_id, first_name, surname, date_of_birth, date_of_passing, lifeform_id) values (15, 'Durward', 'Kathe', '98-99-65210', '99-05-578438', 95);
insert into citizen (citizen_id, first_name, surname, date_of_birth, date_of_passing, lifeform_id) values (16, 'Christy', 'Ringo', '56-44-61240', '81-60-874364', 96);
insert into citizen (citizen_id, first_name, surname, date_of_birth, date_of_passing, lifeform_id) values (17, 'Melvyn', 'Stephen', '79-64-24429', '01-05-339038', 97);
insert into citizen (citizen_id, first_name, surname, date_of_birth, date_of_passing, lifeform_id) values (18, 'Lorrie', 'Oralee', '27-35-73793', '27-14-284819', 98);
insert into citizen (citizen_id, first_name, surname, date_of_birth, date_of_passing, lifeform_id) values (19, 'Terry', 'Archaimbaud', '86-08-52307', '16-59-812773', 99);
insert into citizen (citizen_id, first_name, surname, date_of_birth, date_of_passing, lifeform_id) values (20, 'Anetta', 'Cahra', '43-47-76492', '42-17-580544', 100);
select setval(pg_get_serial_sequence('citizen' , 'citizen_id'),15);
-----------------------------------------------------------------------------------------------------------------------------------------------------------------------------------
--alien======================================================================================================================================================================================
insert into alien (alien_id, threat_level, lifeform_type, eradicated, sector_id, lifeform_id) values (1, 93, 'Pteropus rufus', false, 1, 1);
insert into alien (alien_id, threat_level, lifeform_type, eradicated, sector_id, lifeform_id) values (2, 35, 'Pseudalopex gymnocercus', true, 15, 2);
insert into alien (alien_id, threat_level, lifeform_type, eradicated, sector_id, lifeform_id) values (3, 43, 'Tapirus terrestris', true, 9, 3);
insert into alien (alien_id, threat_level, lifeform_type, eradicated, sector_id, lifeform_id) values (4, 58, 'Gekko gecko', true, 14, 4);
insert into alien (alien_id, threat_level, lifeform_type, eradicated, sector_id, lifeform_id) values (5, 52, 'Lemur catta', false, 15, 5);
insert into alien (alien_id, threat_level, lifeform_type, eradicated, sector_id, lifeform_id) values (6, 93, 'Tiliqua scincoides', false, 2, 6);
insert into alien (alien_id, threat_level, lifeform_type, eradicated, sector_id, lifeform_id) values (7, 64, 'Acridotheres tristis', true, 5, 7);
insert into alien (alien_id, threat_level, lifeform_type, eradicated, sector_id, lifeform_id) values (8, 51, 'Gymnorhina tibicen', true, 15, 8);
insert into alien (alien_id, threat_level, lifeform_type, eradicated, sector_id, lifeform_id) values (9, 48, 'Taurotagus oryx', true, 14, 9);
insert into alien (alien_id, threat_level, lifeform_type, eradicated, sector_id, lifeform_id) values (10, 90, 'Panthera leo persica', false, 10, 10);
insert into alien (alien_id, threat_level, lifeform_type, eradicated, sector_id, lifeform_id) values (11, 4, 'unavailable', false, 15, 11);
insert into alien (alien_id, threat_level, lifeform_type, eradicated, sector_id, lifeform_id) values (12, 39, 'Ammospermophilus nelsoni', false, 15, 12);
insert into alien (alien_id, threat_level, lifeform_type, eradicated, sector_id, lifeform_id) values (13, 13, 'Larus sp.', true, 1, 13);
insert into alien (alien_id, threat_level, lifeform_type, eradicated, sector_id, lifeform_id) values (14, 24, 'Varanus albigularis', false, 15, 14);
insert into alien (alien_id, threat_level, lifeform_type, eradicated, sector_id, lifeform_id) values (15, 46, 'Corvus albus', false, 1, 15);
insert into alien (alien_id, threat_level, lifeform_type, eradicated, sector_id, lifeform_id) values (16, 84, 'Globicephala melas', true, 7, 16);
insert into alien (alien_id, threat_level, lifeform_type, eradicated, sector_id, lifeform_id) values (17, 32, 'Butorides striatus', true, 4, 17);
insert into alien (alien_id, threat_level, lifeform_type, eradicated, sector_id, lifeform_id) values (18, 51, 'Ctenophorus ornatus', false, 6, 18);
insert into alien (alien_id, threat_level, lifeform_type, eradicated, sector_id, lifeform_id) values (19, 64, 'Dusicyon thous', true, 3, 19);
insert into alien (alien_id, threat_level, lifeform_type, eradicated, sector_id, lifeform_id) values (20, 58, 'Lasiorhinus latifrons', false, 3, 20);
insert into alien (alien_id, threat_level, lifeform_type, eradicated, sector_id, lifeform_id) values (21, 83, 'Cacatua tenuirostris', true, 10, 21);
insert into alien (alien_id, threat_level, lifeform_type, eradicated, sector_id, lifeform_id) values (22, 39, 'Macaca mulatta', false, 6, 22);
insert into alien (alien_id, threat_level, lifeform_type, eradicated, sector_id, lifeform_id) values (23, 70, 'Chelodina longicollis', true, 6, 23);
insert into alien (alien_id, threat_level, lifeform_type, eradicated, sector_id, lifeform_id) values (24, 28, 'Alcelaphus buselaphus cokii', false, 14, 24);
insert into alien (alien_id, threat_level, lifeform_type, eradicated, sector_id, lifeform_id) values (25, 38, 'Nesomimus trifasciatus', true, 6, 25);
insert into alien (alien_id, threat_level, lifeform_type, eradicated, sector_id, lifeform_id) values (26, 45, 'Cacatua tenuirostris', true, 13, 26);
insert into alien (alien_id, threat_level, lifeform_type, eradicated, sector_id, lifeform_id) values (27, 18, 'Kobus leche robertsi', false, 8, 27);
insert into alien (alien_id, threat_level, lifeform_type, eradicated, sector_id, lifeform_id) values (28, 28, 'Isoodon obesulus', true, 7, 28);
insert into alien (alien_id, threat_level, lifeform_type, eradicated, sector_id, lifeform_id) values (29, 68, 'Tiliqua scincoides', true, 9, 29);
insert into alien (alien_id, threat_level, lifeform_type, eradicated, sector_id, lifeform_id) values (30, 53, 'Bassariscus astutus', false, 2, 30);
insert into alien (alien_id, threat_level, lifeform_type, eradicated, sector_id, lifeform_id) values (31, 87, 'Haliaeetus leucocephalus', true, 7, 31);
insert into alien (alien_id, threat_level, lifeform_type, eradicated, sector_id, lifeform_id) values (32, 99, 'Gopherus agassizii', false, 12, 32);
insert into alien (alien_id, threat_level, lifeform_type, eradicated, sector_id, lifeform_id) values (33, 3, 'Crotaphytus collaris', false, 3, 33);
insert into alien (alien_id, threat_level, lifeform_type, eradicated, sector_id, lifeform_id) values (34, 83, 'Epicrates cenchria maurus', false, 14, 34);
insert into alien (alien_id, threat_level, lifeform_type, eradicated, sector_id, lifeform_id) values (35, 20, 'Francolinus coqui', true, 8, 35);
insert into alien (alien_id, threat_level, lifeform_type, eradicated, sector_id, lifeform_id) values (36, 26, 'Cebus apella', true, 15, 36);
insert into alien (alien_id, threat_level, lifeform_type, eradicated, sector_id, lifeform_id) values (37, 80, 'Sylvicapra grimma', false, 14, 37);
insert into alien (alien_id, threat_level, lifeform_type, eradicated, sector_id, lifeform_id) values (38, 17, 'Ammospermophilus nelsoni', true, 12, 38);
insert into alien (alien_id, threat_level, lifeform_type, eradicated, sector_id, lifeform_id) values (39, 23, 'Canis lupus baileyi', false, 9, 39);
insert into alien (alien_id, threat_level, lifeform_type, eradicated, sector_id, lifeform_id) values (40, 41, 'Cynictis penicillata', false, 1, 40);
insert into alien (alien_id, threat_level, lifeform_type, eradicated, sector_id, lifeform_id) values (41, 90, 'Coluber constrictor', false, 11, 41);
insert into alien (alien_id, threat_level, lifeform_type, eradicated, sector_id, lifeform_id) values (42, 52, 'Papio cynocephalus', true, 8, 42);
insert into alien (alien_id, threat_level, lifeform_type, eradicated, sector_id, lifeform_id) values (43, 82, 'Coendou prehensilis', true, 8, 43);
insert into alien (alien_id, threat_level, lifeform_type, eradicated, sector_id, lifeform_id) values (44, 56, 'Canis latrans', false, 6, 44);
insert into alien (alien_id, threat_level, lifeform_type, eradicated, sector_id, lifeform_id) values (45, 10, 'Macropus eugenii', true, 2, 45);
insert into alien (alien_id, threat_level, lifeform_type, eradicated, sector_id, lifeform_id) values (46, 73, 'Spilogale gracilis', false, 6, 46);
insert into alien (alien_id, threat_level, lifeform_type, eradicated, sector_id, lifeform_id) values (47, 13, 'Dasypus novemcinctus', false, 1, 47);
insert into alien (alien_id, threat_level, lifeform_type, eradicated, sector_id, lifeform_id) values (48, 60, 'Cercatetus concinnus', true, 4, 48);
insert into alien (alien_id, threat_level, lifeform_type, eradicated, sector_id, lifeform_id) values (49, 86, 'Petaurus norfolcensis', false, 3, 49);
insert into alien (alien_id, threat_level, lifeform_type, eradicated, sector_id, lifeform_id) values (50, 3, 'Ephipplorhynchus senegalensis', false, 14, 50);
insert into alien (alien_id, threat_level, lifeform_type, eradicated, sector_id, lifeform_id) values (51, 33, 'Odocoileus hemionus', false, 1, 51);
insert into alien (alien_id, threat_level, lifeform_type, eradicated, sector_id, lifeform_id) values (52, 9, 'Aonyx cinerea', false, 14, 52);
insert into alien (alien_id, threat_level, lifeform_type, eradicated, sector_id, lifeform_id) values (53, 25, 'Haliaetus vocifer', false, 13, 53);
insert into alien (alien_id, threat_level, lifeform_type, eradicated, sector_id, lifeform_id) values (54, 90, 'Cacatua tenuirostris', true, 10, 54);
insert into alien (alien_id, threat_level, lifeform_type, eradicated, sector_id, lifeform_id) values (55, 15, 'Anhinga rufa', true, 11, 55);
insert into alien (alien_id, threat_level, lifeform_type, eradicated, sector_id, lifeform_id) values (56, 33, 'Tetracerus quadricornis', true, 12, 56);
insert into alien (alien_id, threat_level, lifeform_type, eradicated, sector_id, lifeform_id) values (57, 26, 'Haliaeetus leucocephalus', false, 12, 57);
insert into alien (alien_id, threat_level, lifeform_type, eradicated, sector_id, lifeform_id) values (58, 32, 'Pelecans onocratalus', true, 14, 58);
insert into alien (alien_id, threat_level, lifeform_type, eradicated, sector_id, lifeform_id) values (59, 63, 'Ovibos moschatus', true, 2, 59);
insert into alien (alien_id, threat_level, lifeform_type, eradicated, sector_id, lifeform_id) values (60, 95, 'Macropus fuliginosus', true, 12, 60);
insert into alien (alien_id, threat_level, lifeform_type, eradicated, sector_id, lifeform_id) values (61, 55, 'Anas bahamensis', true, 12, 61);
insert into alien (alien_id, threat_level, lifeform_type, eradicated, sector_id, lifeform_id) values (62, 4, 'Felis wiedi or Leopardus weidi', true, 10, 62);
insert into alien (alien_id, threat_level, lifeform_type, eradicated, sector_id, lifeform_id) values (63, 25, 'Chelodina longicollis', false, 3, 63);
insert into alien (alien_id, threat_level, lifeform_type, eradicated, sector_id, lifeform_id) values (64, 55, 'Pytilia melba', false, 15, 64);
insert into alien (alien_id, threat_level, lifeform_type, eradicated, sector_id, lifeform_id) values (65, 39, 'Cereopsis novaehollandiae', false, 12, 65);
insert into alien (alien_id, threat_level, lifeform_type, eradicated, sector_id, lifeform_id) values (66, 41, 'Anas platyrhynchos', true, 2, 66);
insert into alien (alien_id, threat_level, lifeform_type, eradicated, sector_id, lifeform_id) values (67, 44, 'Diceros bicornis', true, 14, 67);
insert into alien (alien_id, threat_level, lifeform_type, eradicated, sector_id, lifeform_id) values (68, 18, 'Paradoxurus hermaphroditus', false, 12, 68);
insert into alien (alien_id, threat_level, lifeform_type, eradicated, sector_id, lifeform_id) values (69, 56, 'Nasua nasua', true, 11, 69);
insert into alien (alien_id, threat_level, lifeform_type, eradicated, sector_id, lifeform_id) values (70, 43, 'Equus burchelli', false, 14, 70);
insert into alien (alien_id, threat_level, lifeform_type, eradicated, sector_id, lifeform_id) values (71, 68, 'Ratufa indica', true, 1, 71);
insert into alien (alien_id, threat_level, lifeform_type, eradicated, sector_id, lifeform_id) values (72, 34, 'Felis silvestris lybica', true, 7, 72);
insert into alien (alien_id, threat_level, lifeform_type, eradicated, sector_id, lifeform_id) values (73, 31, 'Alopex lagopus', true, 3, 73);
insert into alien (alien_id, threat_level, lifeform_type, eradicated, sector_id, lifeform_id) values (74, 99, 'Fratercula corniculata', true, 15, 74);
insert into alien (alien_id, threat_level, lifeform_type, eradicated, sector_id, lifeform_id) values (75, 43, 'Junonia genoveua', true, 4, 75);
insert into alien (alien_id, threat_level, lifeform_type, eradicated, sector_id, lifeform_id) values (76, 59, 'Heloderma horridum', true, 13, 76);
insert into alien (alien_id, threat_level, lifeform_type, eradicated, sector_id, lifeform_id) values (77, 90, 'Rhea americana', false, 15, 77);
insert into alien (alien_id, threat_level, lifeform_type, eradicated, sector_id, lifeform_id) values (78, 15, 'Ursus maritimus', true, 2, 78);
insert into alien (alien_id, threat_level, lifeform_type, eradicated, sector_id, lifeform_id) values (79, 43, 'Butorides striatus', false, 5, 79);
insert into alien (alien_id, threat_level, lifeform_type, eradicated, sector_id, lifeform_id) values (80, 74, 'Vanellus armatus', true, 15, 80);
select setval(pg_get_serial_sequence('alien' , 'alien_id'),80);
--administrator=================================================================================================================================================
insert into administrator (citizen_id ,authorisation_level, biometric_id, lifeform_id) values (7,4 ,1, 87);
insert into administrator (citizen_id, authorisation_level, biometric_id, lifeform_id) values (8,3, 2,88);
insert into administrator (citizen_id, authorisation_level, biometric_id, lifeform_id) values (9,9,3 ,89);
insert into administrator (citizen_id, authorisation_level, biometric_id, lifeform_id) values (10,10,4, 90);
insert into administrator (citizen_id, authorisation_level, biometric_id, lifeform_id) values (11,2,5, 91);
select setval(pg_get_serial_sequence('administrator' , 'biometric_id'),5);
--==================================================================================================================================================================================
insert into tower (tower_id, sector_id, biometric_id, citizen_id, lifeform_id, name) values (1, 2, null, null, null, 'Arnica Forte');
insert into tower (tower_id, sector_id, biometric_id, citizen_id, lifeform_id, name) values (2, 15, null, null, null, 'Gabapentin');
insert into tower (tower_id, sector_id, biometric_id, citizen_id, lifeform_id, name) values (3, 7, null, null, null, 'Extra Strength Acetaminophen');
insert into tower (tower_id, sector_id, biometric_id, citizen_id, lifeform_id, name) values (4, 4, null, null, null, 'IVA XANTHIFOLIA POLLEN');
insert into tower (tower_id, sector_id, biometric_id, citizen_id, lifeform_id, name) values (5, 9, null, null, null, 'Antibactierial Hand Sanitizer');
insert into tower (tower_id, sector_id, biometric_id, citizen_id, lifeform_id, name) values (6, 9, null, null, null, 'Sore Throat');
insert into tower (tower_id, sector_id, biometric_id, citizen_id, lifeform_id, name) values (7, 8, null, null, null, 'Lorcet 10/650');
insert into tower (tower_id, sector_id, biometric_id, citizen_id, lifeform_id, name) values (8, 8, null, null, null, 'Kroger Aloe Vera');
insert into tower (tower_id, sector_id, biometric_id, citizen_id, lifeform_id, name) values (9, 7, null, null, null, 'Neutrogena Revitalizing Lip Balm');
insert into tower (tower_id, sector_id, biometric_id, citizen_id, lifeform_id, name) values (10, 6, null, null, null, 'Ethosuximide');
insert into tower (tower_id, sector_id, biometric_id, citizen_id, lifeform_id, name) values (11, 15, null, null, null, 'Alinia');
insert into tower (tower_id, sector_id, biometric_id, citizen_id, lifeform_id, name) values (12, 9, null, null, null, 'Euphorbium Compositum');
insert into tower (tower_id, sector_id, biometric_id, citizen_id, lifeform_id, name) values (13, 2, null, null, null, 'Meclizine HCl');
insert into tower (tower_id, sector_id, biometric_id, citizen_id, lifeform_id, name) values (14, 15, null, null, null, 'Triple Antibiotic');
insert into tower (tower_id, sector_id, biometric_id, citizen_id, lifeform_id, name) values (15, 14, null, null, null, 'The Medicine Shoppe Extra Strength Pain Relieving');
insert into tower (tower_id, sector_id, biometric_id, citizen_id, lifeform_id, name) values (16, 6, null, null, null, 'Lidocaine Hydrochloride');
insert into tower (tower_id, sector_id, biometric_id, citizen_id, lifeform_id, name) values (17, 14, null, null, null, 'DISALCID');
insert into tower (tower_id, sector_id, biometric_id, citizen_id, lifeform_id, name) values (18, 2, null, null, null, 'Levothyroxine sodium');
insert into tower (tower_id, sector_id, biometric_id, citizen_id, lifeform_id, name) values (19, 4, null, null, null, 'Perphenazine');
insert into tower (tower_id, sector_id, biometric_id, citizen_id, lifeform_id, name) values (20, 1, null, null, null, 'Lyrica');
insert into tower (tower_id, sector_id, biometric_id, citizen_id, lifeform_id, name) values (21, 1, null, null, null, 'Amogus');
select setval(pg_get_serial_sequence('tower' , 'tower_id'),20);
--builder===========================================================================================================================
insert into builder (builder_id, sector_id, size, purpose) values (1, 13, 467.43461, 'Boilermaker');
insert into builder (builder_id, sector_id, size, purpose) values (2, 3, 572.89061, 'Waterproofer');
insert into builder (builder_id, sector_id, size, purpose) values (3, 7, 665.5682, 'Linemen');
insert into builder (builder_id, sector_id, size, purpose) values (4, 9, 67.91427, 'Pipelayer');
insert into builder (builder_id, sector_id, size, purpose) values (5, 1, 345.84486, 'Tile Setter');
insert into builder (builder_id, sector_id, size, purpose) values (6, 7, 72.53897, 'Sheet Metal Worker');
insert into builder (builder_id, sector_id, size, purpose) values (7, 13, 732.05269, 'Landscaper');
insert into builder (builder_id, sector_id, size, purpose) values (8, 9, 110.39918, 'Concrete Finisher');
insert into builder (builder_id, sector_id, size, purpose) values (9, 13, 99.04419, 'Carpenter');
insert into builder (builder_id, sector_id, size, purpose) values (10, 11, 482.80432, 'Concrete Finisher');
insert into builder (builder_id, sector_id, size, purpose) values (11, 15, 871.35124, 'HVAC');
insert into builder (builder_id, sector_id, size, purpose) values (12, 5, 382.5579, 'Electrician');
insert into builder (builder_id, sector_id, size, purpose) values (13, 14, 35.81629, 'Landscaper');
insert into builder (builder_id, sector_id, size, purpose) values (14, 4, 971.53736, 'Welder');
insert into builder (builder_id, sector_id, size, purpose) values (15, 14, 296.55675, 'Safety Officer');
insert into builder (builder_id, sector_id, size, purpose) values (16, 6, 372.9266, 'Terrazzo');
insert into builder (builder_id, sector_id, size, purpose) values (17, 2, 304.8486, 'Waterproofer');
insert into builder (builder_id, sector_id, size, purpose) values (18, 3, 897.05501, 'HVAC');
insert into builder (builder_id, sector_id, size, purpose) values (19, 12, 739.69934, 'HVAC');
insert into builder (builder_id, sector_id, size, purpose) values (20, 15, 704.44689, 'Tile Setter');
insert into builder (builder_id, sector_id, size, purpose) values (21, 10, 503.59448, 'Refridgeration');
insert into builder (builder_id, sector_id, size, purpose) values (22, 4, 527.35879, 'Laborer');
insert into builder (builder_id, sector_id, size, purpose) values (23, 6, 857.9424, 'Terrazzo');
insert into builder (builder_id, sector_id, size, purpose) values (24, 12, 775.56315, 'Plumber');
insert into builder (builder_id, sector_id, size, purpose) values (25, 9, 776.30829, 'Plasterers');
insert into builder (builder_id, sector_id, size, purpose) values (26, 4, 616.62019, 'Sheet Metal Worker');
insert into builder (builder_id, sector_id, size, purpose) values (27, 10, 238.42457, 'Waterproofer');
insert into builder (builder_id, sector_id, size, purpose) values (28, 11, 596.59778, 'Pipefitter');
insert into builder (builder_id, sector_id, size, purpose) values (29, 5, 469.04809, 'Waterproofer');
insert into builder (builder_id, sector_id, size, purpose) values (30, 1, 16.89623, 'Waterproofer');
insert into builder (builder_id, sector_id, size, purpose) values (31, 4, 303.51056, 'HVAC');
insert into builder (builder_id, sector_id, size, purpose) values (32, 13, 436.77999, 'Landscaper');
insert into builder (builder_id, sector_id, size, purpose) values (33, 1, 226.1637, 'HVAC');
insert into builder (builder_id, sector_id, size, purpose) values (34, 7, 157.55258, 'Plumber');
insert into builder (builder_id, sector_id, size, purpose) values (35, 10, 604.02109, 'Tile Setter');
insert into builder (builder_id, sector_id, size, purpose) values (36, 7, 952.23295, 'Painter');
insert into builder (builder_id, sector_id, size, purpose) values (37, 2, 16.42692, 'Ironworker');
insert into builder (builder_id, sector_id, size, purpose) values (38, 8, 875.32409, 'Carpenter');
insert into builder (builder_id, sector_id, size, purpose) values (39, 10, 544.81215, 'Electrician');
insert into builder (builder_id, sector_id, size, purpose) values (40, 6, 290.56809, 'Concrete Finisher');
insert into builder (builder_id, sector_id, size, purpose) values (41, 10, 857.86002, 'Plumber');
insert into builder (builder_id, sector_id, size, purpose) values (42, 13, 532.11355, 'Tile Setter');
insert into builder (builder_id, sector_id, size, purpose) values (43, 6, 119.78146, 'Pipelayer');
insert into builder (builder_id, sector_id, size, purpose) values (44, 13, 621.16957, 'Ironworker');
insert into builder (builder_id, sector_id, size, purpose) values (45, 11, 996.63788, 'Millwright');
insert into builder (builder_id, sector_id, size, purpose) values (46, 1, 691.52185, 'Tile Setter');
insert into builder (builder_id, sector_id, size, purpose) values (47, 13, 741.92518, 'Equipment Operator');
insert into builder (builder_id, sector_id, size, purpose) values (48, 2, 959.06492, 'Glazier');
insert into builder (builder_id, sector_id, size, purpose) values (49, 2, 488.55986, 'Safety Officer');
insert into builder (builder_id, sector_id, size, purpose) values (50, 4, 241.15074, 'Concrete Finisher');
insert into builder (builder_id, sector_id, size, purpose) values (51, 2, 533.09068, 'Welder');
insert into builder (builder_id, sector_id, size, purpose) values (52, 6, 408.22244, 'Linemen');
insert into builder (builder_id, sector_id, size, purpose) values (53, 13, 545.95931, 'Landscaper');
insert into builder (builder_id, sector_id, size, purpose) values (54, 9, 98.85382, 'Ironworker');
insert into builder (builder_id, sector_id, size, purpose) values (55, 7, 23.5733, 'Brickmason');
insert into builder (builder_id, sector_id, size, purpose) values (56, 9, 86.04747, 'HVAC');
insert into builder (builder_id, sector_id, size, purpose) values (57, 3, 348.73213, 'Glazier');
insert into builder (builder_id, sector_id, size, purpose) values (58, 9, 883.07166, 'Painter');
insert into builder (builder_id, sector_id, size, purpose) values (59, 3, 790.50219, 'Plumber');
insert into builder (builder_id, sector_id, size, purpose) values (60, 1, 557.57111, 'Pipelayer');
insert into builder (builder_id, sector_id, size, purpose) values (61, 2, 270.29711, 'Pipelayer');
insert into builder (builder_id, sector_id, size, purpose) values (62, 14, 944.47571, 'Glazier');
insert into builder (builder_id, sector_id, size, purpose) values (63, 2, 791.55617, 'Electrician');
insert into builder (builder_id, sector_id, size, purpose) values (64, 15, 269.29095, 'Concrete Finisher');
insert into builder (builder_id, sector_id, size, purpose) values (65, 7, 487.06832, 'Painter');
insert into builder (builder_id, sector_id, size, purpose) values (66, 7, 627.7755, 'Millwright');
insert into builder (builder_id, sector_id, size, purpose) values (67, 11, 521.36861, 'HVAC');
insert into builder (builder_id, sector_id, size, purpose) values (68, 2, 778.92851, 'Concrete Finisher');
insert into builder (builder_id, sector_id, size, purpose) values (69, 7, 133.02722, 'Tile Setter');
insert into builder (builder_id, sector_id, size, purpose) values (70, 6, 322.74671, 'Glazier');
insert into builder (builder_id, sector_id, size, purpose) values (71, 12, 145.25202, 'Pipelayer');
insert into builder (builder_id, sector_id, size, purpose) values (72, 9, 852.37656, 'Glazier');
insert into builder (builder_id, sector_id, size, purpose) values (73, 4, 524.77596, 'Linemen');
insert into builder (builder_id, sector_id, size, purpose) values (74, 2, 660.37688, 'Pipelayer');
insert into builder (builder_id, sector_id, size, purpose) values (75, 6, 425.95161, 'Carpenter');
insert into builder (builder_id, sector_id, size, purpose) values (76, 5, 445.14502, 'Terrazzo');
insert into builder (builder_id, sector_id, size, purpose) values (77, 8, 84.55884, 'Welder');
insert into builder (builder_id, sector_id, size, purpose) values (78, 4, 906.98488, 'Tile Setter');
insert into builder (builder_id, sector_id, size, purpose) values (79, 11, 540.35725, 'Cement Mason');
insert into builder (builder_id, sector_id, size, purpose) values (80, 6, 709.96156, 'Plasterers');
insert into builder (builder_id, sector_id, size, purpose) values (81, 4, 40.24867, 'Millwright');
insert into builder (builder_id, sector_id, size, purpose) values (82, 4, 721.24028, 'Glazier');
insert into builder (builder_id, sector_id, size, purpose) values (83, 9, 519.31767, 'Safety Officer');
insert into builder (builder_id, sector_id, size, purpose) values (84, 9, 530.47208, 'Laborer');
insert into builder (builder_id, sector_id, size, purpose) values (85, 2, 872.60263, 'Plumber');
insert into builder (builder_id, sector_id, size, purpose) values (86, 15, 474.16477, 'Plumber');
insert into builder (builder_id, sector_id, size, purpose) values (87, 5, 764.6642, 'Painter');
insert into builder (builder_id, sector_id, size, purpose) values (88, 14, 526.20333, 'Welder');
insert into builder (builder_id, sector_id, size, purpose) values (89, 1, 313.14734, 'Painter');
insert into builder (builder_id, sector_id, size, purpose) values (90, 6, 952.30557, 'Painter');
insert into builder (builder_id, sector_id, size, purpose) values (91, 2, 330.14214, 'Landscaper');
insert into builder (builder_id, sector_id, size, purpose) values (92, 7, 189.36129, 'Waterproofer');
insert into builder (builder_id, sector_id, size, purpose) values (93, 4, 115.87523, 'Brickmason');
insert into builder (builder_id, sector_id, size, purpose) values (94, 4, 982.39186, 'Pipelayer');
insert into builder (builder_id, sector_id, size, purpose) values (95, 6, 62.59643, 'Equipment Operator');
insert into builder (builder_id, sector_id, size, purpose) values (96, 11, 502.49792, 'Waterproofer');
insert into builder (builder_id, sector_id, size, purpose) values (97, 12, 799.02583, 'HVAC');
insert into builder (builder_id, sector_id, size, purpose) values (98, 3, 25.58975, 'Terrazzo');
insert into builder (builder_id, sector_id, size, purpose) values (99, 8, 509.88954, 'Waterproofer');
insert into builder (builder_id, sector_id, size, purpose) values (100, 4, 671.2509, 'Ironworker');
select setval(pg_get_serial_sequence('builder' , 'builder_id'),100);
--mission=====================================================================================================================
insert into mission (mission_id, sector_id, codename) values (1, 15, 'Bara Datu');
insert into mission (mission_id, sector_id, codename) values (2, 5, 'San Juan Atitán');
insert into mission (mission_id, sector_id, codename) values (3, 12, 'Kalandagan');
insert into mission (mission_id, sector_id, codename) values (4, 9, 'Wanli');
insert into mission (mission_id, sector_id, codename) values (5, 4, 'Bayramaly');
insert into mission (mission_id, sector_id, codename) values (6, 10, 'Zaoshi');
insert into mission (mission_id, sector_id, codename) values (7, 5, 'Palmas');
insert into mission (mission_id, sector_id, codename) values (8, 6, 'Biryukove');
insert into mission (mission_id, sector_id, codename) values (9, 13, 'Guarumal');
insert into mission (mission_id, sector_id, codename) values (10, 8, 'Podivín');
insert into mission (mission_id, sector_id, codename) values (11, 5, 'Monte Branco');
insert into mission (mission_id, sector_id, codename) values (12, 6, 'Sheshan');
insert into mission (mission_id, sector_id, codename) values (13, 9, 'Banjar Madangan Kaja');
insert into mission (mission_id, sector_id, codename) values (14, 6, 'Chaplygin');
insert into mission (mission_id, sector_id, codename) values (15, 9, 'Shengli');
insert into mission (mission_id, sector_id, codename) values (16, 6, 'Lammi');
insert into mission (mission_id, sector_id, codename) values (17, 14, 'Bungoma');
insert into mission (mission_id, sector_id, codename) values (18, 9, 'Seminole');
insert into mission (mission_id, sector_id, codename) values (19, 1, 'Tidili Mesfioua');
insert into mission (mission_id, sector_id, codename) values (20, 3, 'San Agustin');
insert into mission (mission_id, sector_id, codename) values (21, 1, 'Danxi');
insert into mission (mission_id, sector_id, codename) values (22, 9, 'Międzyrzecz');
insert into mission (mission_id, sector_id, codename) values (23, 9, 'Jabon');
insert into mission (mission_id, sector_id, codename) values (24, 11, 'Sobral da Adiça');
insert into mission (mission_id, sector_id, codename) values (25, 2, '28 de Noviembre');
insert into mission (mission_id, sector_id, codename) values (26, 10, 'Chenyang');
insert into mission (mission_id, sector_id, codename) values (27, 5, 'Pingtang');
insert into mission (mission_id, sector_id, codename) values (28, 6, 'Budapest');
insert into mission (mission_id, sector_id, codename) values (29, 8, 'Watnlire');
insert into mission (mission_id, sector_id, codename) values (30, 8, 'Nankang');
insert into mission (mission_id, sector_id, codename) values (31, 3, 'Kushtia');
insert into mission (mission_id, sector_id, codename) values (32, 10, 'Ilongero');
insert into mission (mission_id, sector_id, codename) values (33, 11, 'Hetian');
insert into mission (mission_id, sector_id, codename) values (34, 11, 'Kyzyl-Kyya');
insert into mission (mission_id, sector_id, codename) values (35, 10, 'Pánormos');
insert into mission (mission_id, sector_id, codename) values (36, 4, 'Xianyang');
insert into mission (mission_id, sector_id, codename) values (37, 12, 'Hannover');
insert into mission (mission_id, sector_id, codename) values (38, 11, 'Cahuac');
insert into mission (mission_id, sector_id, codename) values (39, 3, 'Wanli');
insert into mission (mission_id, sector_id, codename) values (40, 5, 'Kerikeri');
insert into mission (mission_id, sector_id, codename) values (41, 15, 'São Marcos');
insert into mission (mission_id, sector_id, codename) values (42, 13, 'Woja');
insert into mission (mission_id, sector_id, codename) values (43, 8, 'Gajah');
insert into mission (mission_id, sector_id, codename) values (44, 9, 'Canoas');
insert into mission (mission_id, sector_id, codename) values (45, 8, 'Barda');
insert into mission (mission_id, sector_id, codename) values (46, 5, 'Nagorsk');
insert into mission (mission_id, sector_id, codename) values (47, 8, 'Le Blanc-Mesnil');
insert into mission (mission_id, sector_id, codename) values (48, 15, 'Heshui');
insert into mission (mission_id, sector_id, codename) values (49, 7, 'Uhryniv');
insert into mission (mission_id, sector_id, codename) values (50, 15, 'Buenavista');
insert into mission (mission_id, sector_id, codename) values (51, 2, 'Bitobe');
insert into mission (mission_id, sector_id, codename) values (52, 13, 'Libas');
insert into mission (mission_id, sector_id, codename) values (53, 12, 'Pumwani');
insert into mission (mission_id, sector_id, codename) values (54, 14, 'Woodstock');
insert into mission (mission_id, sector_id, codename) values (55, 12, 'Charleston');
insert into mission (mission_id, sector_id, codename) values (56, 10, 'Cisasak');
insert into mission (mission_id, sector_id, codename) values (57, 5, 'Keyinhe');
insert into mission (mission_id, sector_id, codename) values (58, 11, 'Jacksonville');
insert into mission (mission_id, sector_id, codename) values (59, 10, 'Willowdale');
insert into mission (mission_id, sector_id, codename) values (60, 15, 'Lukashin');
insert into mission (mission_id, sector_id, codename) values (61, 6, 'Kediren');
insert into mission (mission_id, sector_id, codename) values (62, 5, 'Jabon');
insert into mission (mission_id, sector_id, codename) values (63, 6, 'Maluso');
insert into mission (mission_id, sector_id, codename) values (64, 8, 'Jiangjing');
insert into mission (mission_id, sector_id, codename) values (65, 4, 'Ceres');
insert into mission (mission_id, sector_id, codename) values (66, 4, 'Wanquan');
insert into mission (mission_id, sector_id, codename) values (67, 15, 'Ilioúpoli');
insert into mission (mission_id, sector_id, codename) values (68, 13, 'Ratchasan');
insert into mission (mission_id, sector_id, codename) values (69, 12, 'Paris 01');
insert into mission (mission_id, sector_id, codename) values (70, 2, 'København');
insert into mission (mission_id, sector_id, codename) values (71, 3, 'Wujing');
insert into mission (mission_id, sector_id, codename) values (72, 15, 'San Agustin');
insert into mission (mission_id, sector_id, codename) values (73, 10, 'Verkhniy Baskunchak');
insert into mission (mission_id, sector_id, codename) values (74, 7, 'Baqiu');
insert into mission (mission_id, sector_id, codename) values (75, 12, 'Chating');
insert into mission (mission_id, sector_id, codename) values (76, 11, 'Birni N Konni');
insert into mission (mission_id, sector_id, codename) values (77, 10, 'Jinlong');
insert into mission (mission_id, sector_id, codename) values (78, 13, 'Didou');
insert into mission (mission_id, sector_id, codename) values (79, 9, 'Gaojiazhuang');
insert into mission (mission_id, sector_id, codename) values (80, 3, 'Toronto');
insert into mission (mission_id, sector_id, codename) values (81, 1, 'Vanáton');
insert into mission (mission_id, sector_id, codename) values (82, 3, 'Cigalontang');
insert into mission (mission_id, sector_id, codename) values (83, 13, 'Vancouver');
insert into mission (mission_id, sector_id, codename) values (84, 9, 'Telêmaco Borba');
insert into mission (mission_id, sector_id, codename) values (85, 5, 'Emiliano Zapata');
insert into mission (mission_id, sector_id, codename) values (86, 3, 'Pataypampa');
insert into mission (mission_id, sector_id, codename) values (87, 12, 'Chunjing');
insert into mission (mission_id, sector_id, codename) values (88, 15, 'Kelowna');
insert into mission (mission_id, sector_id, codename) values (89, 12, 'Rueil-Malmaison');
insert into mission (mission_id, sector_id, codename) values (90, 1, 'Stratónion');
insert into mission (mission_id, sector_id, codename) values (91, 2, 'Shatian');
insert into mission (mission_id, sector_id, codename) values (92, 14, 'La Paz Centro');
insert into mission (mission_id, sector_id, codename) values (93, 8, 'Kuybyshev');
insert into mission (mission_id, sector_id, codename) values (94, 9, 'Francisco I Madero');
insert into mission (mission_id, sector_id, codename) values (95, 13, 'Gushan');
insert into mission (mission_id, sector_id, codename) values (96, 6, 'General Lavalle');
insert into mission (mission_id, sector_id, codename) values (97, 9, 'Progreso');
insert into mission (mission_id, sector_id, codename) values (98, 10, 'Mbandjok');
insert into mission (mission_id, sector_id, codename) values (99, 2, 'Skhodnya');
insert into mission (mission_id, sector_id, codename) values (100, 9, 'Wanli');
select setval(pg_get_serial_sequence('mission' , 'mission_id'),100);
--Target_alien============================================================================================================================
insert into Targeted_alien (target_id, alien_id, lifeform_id, mission_id) values (1, 15, 15, 50);
insert into Targeted_alien (target_id, alien_id, lifeform_id, mission_id) values (2, 59, 59, 1);
insert into Targeted_alien (target_id, alien_id, lifeform_id, mission_id) values (3, 47, 47, 16);
insert into Targeted_alien (target_id, alien_id, lifeform_id, mission_id) values (4, 13, 13, 83);
insert into Targeted_alien (target_id, alien_id, lifeform_id, mission_id) values (5, 36, 36, 95);
insert into Targeted_alien (target_id, alien_id, lifeform_id, mission_id) values (6, 14, 14, 40);
insert into Targeted_alien (target_id, alien_id, lifeform_id, mission_id) values (7, 15, 15, 54);
insert into Targeted_alien (target_id, alien_id, lifeform_id, mission_id) values (8, 5, 5, 48);
insert into Targeted_alien (target_id, alien_id, lifeform_id, mission_id) values (9, 4, 4, 15);
insert into Targeted_alien (target_id, alien_id, lifeform_id, mission_id) values (10, 26, 26, 29);
insert into Targeted_alien (target_id, alien_id, lifeform_id, mission_id) values (11, 35, 35, 12);
insert into Targeted_alien (target_id, alien_id, lifeform_id, mission_id) values (12, 18, 18, 11);
insert into Targeted_alien (target_id, alien_id, lifeform_id, mission_id) values (13, 49, 49, 33);
insert into Targeted_alien (target_id, alien_id, lifeform_id, mission_id) values (14, 65, 65, 70);
insert into Targeted_alien (target_id, alien_id, lifeform_id, mission_id) values (15, 62, 62, 91);
insert into Targeted_alien (target_id, alien_id, lifeform_id, mission_id) values (16, 63, 63, 94);
insert into Targeted_alien (target_id, alien_id, lifeform_id, mission_id) values (17, 77, 77, 61);
insert into Targeted_alien (target_id, alien_id, lifeform_id, mission_id) values (18, 66, 66, 79);
insert into Targeted_alien (target_id, alien_id, lifeform_id, mission_id) values (19, 3, 3, 93);
insert into Targeted_alien (target_id, alien_id, lifeform_id, mission_id) values (20, 39, 39, 84);
insert into Targeted_alien (target_id, alien_id, lifeform_id, mission_id) values (21, 38, 38, 63);
insert into Targeted_alien (target_id, alien_id, lifeform_id, mission_id) values (22, 31, 31, 59);
insert into Targeted_alien (target_id, alien_id, lifeform_id, mission_id) values (23, 24, 24, 61);
insert into Targeted_alien (target_id, alien_id, lifeform_id, mission_id) values (24, 80, 80, 97);
insert into Targeted_alien (target_id, alien_id, lifeform_id, mission_id) values (25, 47, 47, 73);
insert into Targeted_alien (target_id, alien_id, lifeform_id, mission_id) values (26, 34, 34, 100);
insert into Targeted_alien (target_id, alien_id, lifeform_id, mission_id) values (27, 45, 45, 46);
insert into Targeted_alien (target_id, alien_id, lifeform_id, mission_id) values (28, 52, 52, 40);
insert into Targeted_alien (target_id, alien_id, lifeform_id, mission_id) values (29, 15, 15, 5);
insert into Targeted_alien (target_id, alien_id, lifeform_id, mission_id) values (30, 62, 62, 47);
insert into Targeted_alien (target_id, alien_id, lifeform_id, mission_id) values (31, 60, 60, 11);
insert into Targeted_alien (target_id, alien_id, lifeform_id, mission_id) values (32, 64, 64, 78);
insert into Targeted_alien (target_id, alien_id, lifeform_id, mission_id) values (33, 66, 66, 3);
insert into Targeted_alien (target_id, alien_id, lifeform_id, mission_id) values (34, 42, 42, 40);
insert into Targeted_alien (target_id, alien_id, lifeform_id, mission_id) values (35, 57, 57, 23);
insert into Targeted_alien (target_id, alien_id, lifeform_id, mission_id) values (36, 53, 53, 58);
insert into Targeted_alien (target_id, alien_id, lifeform_id, mission_id) values (37, 26, 26, 42);
insert into Targeted_alien (target_id, alien_id, lifeform_id, mission_id) values (38, 42, 42, 10);
insert into Targeted_alien (target_id, alien_id, lifeform_id, mission_id) values (39, 21, 21, 1);
insert into Targeted_alien (target_id, alien_id, lifeform_id, mission_id) values (40, 4, 4, 51);
insert into Targeted_alien (target_id, alien_id, lifeform_id, mission_id) values (41, 22, 22, 70);
insert into Targeted_alien (target_id, alien_id, lifeform_id, mission_id) values (42, 61, 61, 64);
insert into Targeted_alien (target_id, alien_id, lifeform_id, mission_id) values (43, 28, 28, 100);
insert into Targeted_alien (target_id, alien_id, lifeform_id, mission_id) values (44, 39, 39, 74);
insert into Targeted_alien (target_id, alien_id, lifeform_id, mission_id) values (45, 54, 54, 42);
insert into Targeted_alien (target_id, alien_id, lifeform_id, mission_id) values (46, 68, 68, 86);
insert into Targeted_alien (target_id, alien_id, lifeform_id, mission_id) values (47, 26, 26, 30);
insert into Targeted_alien (target_id, alien_id, lifeform_id, mission_id) values (48, 39, 39, 15);
insert into Targeted_alien (target_id, alien_id, lifeform_id, mission_id) values (49, 55, 55, 9);
insert into Targeted_alien (target_id, alien_id, lifeform_id, mission_id) values (50, 20, 20, 27);
insert into Targeted_alien (target_id, alien_id, lifeform_id, mission_id) values (51, 44, 44, 19);
insert into Targeted_alien (target_id, alien_id, lifeform_id, mission_id) values (52, 42, 42, 68);
insert into Targeted_alien (target_id, alien_id, lifeform_id, mission_id) values (53, 15, 15, 65);
insert into Targeted_alien (target_id, alien_id, lifeform_id, mission_id) values (54, 30, 30, 24);
insert into Targeted_alien (target_id, alien_id, lifeform_id, mission_id) values (55, 39, 39, 80);
insert into Targeted_alien (target_id, alien_id, lifeform_id, mission_id) values (56, 70, 70, 74);
insert into Targeted_alien (target_id, alien_id, lifeform_id, mission_id) values (57, 54, 54, 26);
insert into Targeted_alien (target_id, alien_id, lifeform_id, mission_id) values (58, 76, 76, 73);
insert into Targeted_alien (target_id, alien_id, lifeform_id, mission_id) values (59, 17, 17, 3);
insert into Targeted_alien (target_id, alien_id, lifeform_id, mission_id) values (60, 63, 63, 26);
insert into Targeted_alien (target_id, alien_id, lifeform_id, mission_id) values (61, 53, 53, 11);
insert into Targeted_alien (target_id, alien_id, lifeform_id, mission_id) values (62, 38, 38, 87);
insert into Targeted_alien (target_id, alien_id, lifeform_id, mission_id) values (63, 36, 36, 20);
insert into Targeted_alien (target_id, alien_id, lifeform_id, mission_id) values (64, 30, 30, 86);
insert into Targeted_alien (target_id, alien_id, lifeform_id, mission_id) values (65, 46, 46, 45);
insert into Targeted_alien (target_id, alien_id, lifeform_id, mission_id) values (66, 24, 24, 58);
insert into Targeted_alien (target_id, alien_id, lifeform_id, mission_id) values (67, 56, 56, 35);
insert into Targeted_alien (target_id, alien_id, lifeform_id, mission_id) values (68, 15, 15, 32);
insert into Targeted_alien (target_id, alien_id, lifeform_id, mission_id) values (69, 9, 9, 82);
insert into Targeted_alien (target_id, alien_id, lifeform_id, mission_id) values (70, 64, 64, 89);
insert into Targeted_alien (target_id, alien_id, lifeform_id, mission_id) values (71, 78, 78, 88);
insert into Targeted_alien (target_id, alien_id, lifeform_id, mission_id) values (72, 48, 48, 1);
insert into Targeted_alien (target_id, alien_id, lifeform_id, mission_id) values (73, 51, 51, 25);
insert into Targeted_alien (target_id, alien_id, lifeform_id, mission_id) values (74, 25, 25, 30);
insert into Targeted_alien (target_id, alien_id, lifeform_id, mission_id) values (75, 36, 36, 39);
insert into Targeted_alien (target_id, alien_id, lifeform_id, mission_id) values (76, 18, 18, 88);
insert into Targeted_alien (target_id, alien_id, lifeform_id, mission_id) values (77, 28, 28, 50);
insert into Targeted_alien (target_id, alien_id, lifeform_id, mission_id) values (78, 77, 77, 81);
insert into Targeted_alien (target_id, alien_id, lifeform_id, mission_id) values (79, 53, 53, 94);
insert into Targeted_alien (target_id, alien_id, lifeform_id, mission_id) values (80, 17, 17, 11);
insert into Targeted_alien (target_id, alien_id, lifeform_id, mission_id) values (81, 77, 77, 41);
insert into Targeted_alien (target_id, alien_id, lifeform_id, mission_id) values (82, 49, 49, 45);
insert into Targeted_alien (target_id, alien_id, lifeform_id, mission_id) values (83, 53, 53, 34);
insert into Targeted_alien (target_id, alien_id, lifeform_id, mission_id) values (84, 22, 22, 15);
insert into Targeted_alien (target_id, alien_id, lifeform_id, mission_id) values (85, 35, 35, 55);
insert into Targeted_alien (target_id, alien_id, lifeform_id, mission_id) values (86, 11, 11, 65);
insert into Targeted_alien (target_id, alien_id, lifeform_id, mission_id) values (87, 47, 47, 16);
insert into Targeted_alien (target_id, alien_id, lifeform_id, mission_id) values (88, 71, 71, 95);
insert into Targeted_alien (target_id, alien_id, lifeform_id, mission_id) values (89, 17, 17, 16);
insert into Targeted_alien (target_id, alien_id, lifeform_id, mission_id) values (90, 64, 64, 88);
insert into Targeted_alien (target_id, alien_id, lifeform_id, mission_id) values (91, 78, 78, 59);
insert into Targeted_alien (target_id, alien_id, lifeform_id, mission_id) values (92, 72, 72, 23);
insert into Targeted_alien (target_id, alien_id, lifeform_id, mission_id) values (93, 48, 48, 82);
insert into Targeted_alien (target_id, alien_id, lifeform_id, mission_id) values (94, 27, 27, 90);
insert into Targeted_alien (target_id, alien_id, lifeform_id, mission_id) values (95, 78, 78, 75);
insert into Targeted_alien (target_id, alien_id, lifeform_id, mission_id) values (96, 23, 23, 9);
insert into Targeted_alien (target_id, alien_id, lifeform_id, mission_id) values (97, 23, 23, 1);
insert into Targeted_alien (target_id, alien_id, lifeform_id, mission_id) values (98, 8, 8, 88);
insert into Targeted_alien (target_id, alien_id, lifeform_id, mission_id) values (99, 14, 14, 38);
insert into Targeted_alien (target_id, alien_id, lifeform_id, mission_id) values (100, 30, 30, 82);
select setval(pg_get_serial_sequence('Targeted_alien' , 'target_id'),100);
--unit=======================================================================================================================================
insert into unit (serial_number, tower_id, unit_serial_number, sentience, power_level) values (1, 13, null, 1, 1.7);
insert into unit (serial_number, tower_id, unit_serial_number, sentience, power_level) values (2, 4, null, 2, 4.0);
insert into unit (serial_number, tower_id, unit_serial_number, sentience, power_level) values (3, 1, null, 3, 9.0);
insert into unit (serial_number, tower_id, unit_serial_number, sentience, power_level) values (4, 13, null, 4, 1.5);
insert into unit (serial_number, tower_id, unit_serial_number, sentience, power_level) values (5, 8, null, 5, 5.8);
insert into unit (serial_number, tower_id, unit_serial_number, sentience, power_level) values (6, 1, null, 6, 1.0);
insert into unit (serial_number, tower_id, unit_serial_number, sentience, power_level) values (7, 14, null, 7, 2.9);
insert into unit (serial_number, tower_id, unit_serial_number, sentience, power_level) values (8, 5, null, 8, 1.3);
insert into unit (serial_number, tower_id, unit_serial_number, sentience, power_level) values (9, 11, null, 9, 2.5);
insert into unit (serial_number, tower_id, unit_serial_number, sentience, power_level) values (10, 8, null, 10, 2.8);
insert into unit (serial_number, tower_id, unit_serial_number, sentience, power_level) values (11, 10, null, 11, 5.1);
insert into unit (serial_number, tower_id, unit_serial_number, sentience, power_level) values (12, 7, null, 12, 7.7);
insert into unit (serial_number, tower_id, unit_serial_number, sentience, power_level) values (13, 9, null, 13, 3.7);
insert into unit (serial_number, tower_id, unit_serial_number, sentience, power_level) values (14, 9, null, 14, 4.3);
insert into unit (serial_number, tower_id, unit_serial_number, sentience, power_level) values (15, 15, null, 15, 5.1);
insert into unit (serial_number, tower_id, unit_serial_number, sentience, power_level) values (16, 10, null, 16, 9.0);
insert into unit (serial_number, tower_id, unit_serial_number, sentience, power_level) values (17, 15, null, 17, 6.0);
insert into unit (serial_number, tower_id, unit_serial_number, sentience, power_level) values (18, 4, null, 18, 6.3);
insert into unit (serial_number, tower_id, unit_serial_number, sentience, power_level) values (19, 11, null, 19, 9.3);
insert into unit (serial_number, tower_id, unit_serial_number, sentience, power_level) values (20, 11, null, 20, 5.9);
insert into unit (serial_number, tower_id, unit_serial_number, sentience, power_level) values (21, 2, null, 21, 9.6);
insert into unit (serial_number, tower_id, unit_serial_number, sentience, power_level) values (22, 13, null, 22, 1.2);
insert into unit (serial_number, tower_id, unit_serial_number, sentience, power_level) values (23, 4, null, 23, 5.4);
insert into unit (serial_number, tower_id, unit_serial_number, sentience, power_level) values (24, 12, null, 24, 9.6);
insert into unit (serial_number, tower_id, unit_serial_number, sentience, power_level) values (25, 12, null, 25, 4.6);
insert into unit (serial_number, tower_id, unit_serial_number, sentience, power_level) values (26, 6, null, 26, 9.0);
insert into unit (serial_number, tower_id, unit_serial_number, sentience, power_level) values (27, 8, null, 27, 6.1);
insert into unit (serial_number, tower_id, unit_serial_number, sentience, power_level) values (28, 10,null, 28, 5.0);
insert into unit (serial_number, tower_id, unit_serial_number, sentience, power_level) values (29, 5, null, 29, 7.1);
insert into unit (serial_number, tower_id, unit_serial_number, sentience, power_level) values (30, 11, null, 30, 7.9);
insert into unit (serial_number, tower_id, unit_serial_number, sentience, power_level) values (31, 2, null, 31, 9.4);
insert into unit (serial_number, tower_id, unit_serial_number, sentience, power_level) values (32, 9, null,32, 2.5);
insert into unit (serial_number, tower_id, unit_serial_number, sentience, power_level) values (33, 10,null, 33, 8.4);
insert into unit (serial_number, tower_id, unit_serial_number, sentience, power_level) values (34, 13,null, 34, 5.3);
insert into unit (serial_number, tower_id, unit_serial_number, sentience, power_level) values (35, 13,null, 35, 5.0);
insert into unit (serial_number, tower_id, unit_serial_number, sentience, power_level) values (36, 4, null,36, 7.0);
insert into unit (serial_number, tower_id, unit_serial_number, sentience, power_level) values (37, 4, null,37, 9.7);
insert into unit (serial_number, tower_id, unit_serial_number, sentience, power_level) values (38, 8, 7, 38, 4.2);
insert into unit (serial_number, tower_id, unit_serial_number, sentience, power_level) values (39, 15, 26, 39, 6.0);
insert into unit (serial_number, tower_id, unit_serial_number, sentience, power_level) values (40, 14, 34, 40, 5.8);
insert into unit (serial_number, tower_id, unit_serial_number, sentience, power_level) values (41, 2, 11, 41, 6.7);
insert into unit (serial_number, tower_id, unit_serial_number, sentience, power_level) values (42, 1, 4, 42, 6.0);
insert into unit (serial_number, tower_id, unit_serial_number, sentience, power_level) values (43, 6, 3, 43, 4.5);
insert into unit (serial_number, tower_id, unit_serial_number, sentience, power_level) values (44, 8, 25, 44, 3.2);
insert into unit (serial_number, tower_id, unit_serial_number, sentience, power_level) values (45, 14, 37, 45, 5.1);
insert into unit (serial_number, tower_id, unit_serial_number, sentience, power_level) values (46, 8, null, 46, 1.8);
insert into unit (serial_number, tower_id, unit_serial_number, sentience, power_level) values (47, 6, null, 47, 3.6);
insert into unit (serial_number, tower_id, unit_serial_number, sentience, power_level) values (48, 5, null, 48, 2.1);
insert into unit (serial_number, tower_id, unit_serial_number, sentience, power_level) values (49, 10, 25, 49, 7.0);
insert into unit (serial_number, tower_id, unit_serial_number, sentience, power_level) values (50, 7, 19, 50, 9.0);
insert into unit (serial_number, tower_id, unit_serial_number, sentience, power_level) values (51, 13, 21, 51, 2.5);
insert into unit (serial_number, tower_id, unit_serial_number, sentience, power_level) values (52, 11, 28, 52, 5.8);
insert into unit (serial_number, tower_id, unit_serial_number, sentience, power_level) values (53, 11, 4, 53, 2.2);
insert into unit (serial_number, tower_id, unit_serial_number, sentience, power_level) values (54, 7, null, 54, 7.5);
insert into unit (serial_number, tower_id, unit_serial_number, sentience, power_level) values (55, 4, null,55, 2.0);
insert into unit (serial_number, tower_id, unit_serial_number, sentience, power_level) values (56, 1, null,56, 9.4);
insert into unit (serial_number, tower_id, unit_serial_number, sentience, power_level) values (57, 5, null, 57, 4.3);
insert into unit (serial_number, tower_id, unit_serial_number, sentience, power_level) values (58, 6, null, 58, 7.8);
insert into unit (serial_number, tower_id, unit_serial_number, sentience, power_level) values (59, 11, null,59, 8.7);
insert into unit (serial_number, tower_id, unit_serial_number, sentience, power_level) values (60, 11, null, 60, 6.2);
insert into unit (serial_number, tower_id, unit_serial_number, sentience, power_level) values (61, 10, null, 61, 5.9);
insert into unit (serial_number, tower_id, unit_serial_number, sentience, power_level) values (62, 6, 33, 62, 1.0);
insert into unit (serial_number, tower_id, unit_serial_number, sentience, power_level) values (63, 8, 33, 63, 1.1);
insert into unit (serial_number, tower_id, unit_serial_number, sentience, power_level) values (64, 12, 40, 64, 1.3);
insert into unit (serial_number, tower_id, unit_serial_number, sentience, power_level) values (65, 6, null, 65, 4.1);
insert into unit (serial_number, tower_id, unit_serial_number, sentience, power_level) values (66, 1, null, 66, 4.8);
insert into unit (serial_number, tower_id, unit_serial_number, sentience, power_level) values (67, 3, null, 67, 2.4);
insert into unit (serial_number, tower_id, unit_serial_number, sentience, power_level) values (68, 9, null, 68, 7.8);
insert into unit (serial_number, tower_id, unit_serial_number, sentience, power_level) values (69, 13, 36, 69, 1.7);
insert into unit (serial_number, tower_id, unit_serial_number, sentience, power_level) values (70, 7, 43, 70, 6.1);
insert into unit (serial_number, tower_id, unit_serial_number, sentience, power_level) values (71, 13, 14, 71, 5.6);
insert into unit (serial_number, tower_id, unit_serial_number, sentience, power_level) values (72, 3, 71, 72, 5.1);
insert into unit (serial_number, tower_id, unit_serial_number, sentience, power_level) values (73, 6, 54, 73, 7.0);
insert into unit (serial_number, tower_id, unit_serial_number, sentience, power_level) values (74, 12, 4, 74, 9.0);
insert into unit (serial_number, tower_id, unit_serial_number, sentience, power_level) values (75, 15, 29, 75, 6.3);
insert into unit (serial_number, tower_id, unit_serial_number, sentience, power_level) values (76, 2, 25, 76, 7.9);
insert into unit (serial_number, tower_id, unit_serial_number, sentience, power_level) values (77, 9, 10, 77, 8.3);
insert into unit (serial_number, tower_id, unit_serial_number, sentience, power_level) values (78, 15, 48, 78, 8.2);
insert into unit (serial_number, tower_id, unit_serial_number, sentience, power_level) values (79, 14, 70, 79, 4.1);
insert into unit (serial_number, tower_id, unit_serial_number, sentience, power_level) values (80, 8, 79, 80, 1.6);
insert into unit (serial_number, tower_id, unit_serial_number, sentience, power_level) values (81, 3, 46, 81, 4.8);
insert into unit (serial_number, tower_id, unit_serial_number, sentience, power_level) values (82, 5, 79, 82, 7.0);
insert into unit (serial_number, tower_id, unit_serial_number, sentience, power_level) values (83, 8, 27, 83, 7.7);
insert into unit (serial_number, tower_id, unit_serial_number, sentience, power_level) values (84, 9, 58, 84, 4.9);
insert into unit (serial_number, tower_id, unit_serial_number, sentience, power_level) values (85, 14, 25, 85, 8.2);
insert into unit (serial_number, tower_id, unit_serial_number, sentience, power_level) values (86, 13, 56, 86, 5.4);
insert into unit (serial_number, tower_id, unit_serial_number, sentience, power_level) values (87, 9, 13, 87, 2.3);
insert into unit (serial_number, tower_id, unit_serial_number, sentience, power_level) values (88, 14, 18, 88, 5.8);
insert into unit (serial_number, tower_id, unit_serial_number, sentience, power_level) values (89, 8, 13, 89, 7.1);
insert into unit (serial_number, tower_id, unit_serial_number, sentience, power_level) values (90, 12, 61, 90, 5.2);
insert into unit (serial_number, tower_id, unit_serial_number, sentience, power_level) values (91, 7, 36, 91, 9.2);
insert into unit (serial_number, tower_id, unit_serial_number, sentience, power_level) values (92, 12, 75, 92, 2.3);
insert into unit (serial_number, tower_id, unit_serial_number, sentience, power_level) values (93, 5, 63, 93, 1.1);
insert into unit (serial_number, tower_id, unit_serial_number, sentience, power_level) values (94, 12, 37, 94, 1.3);
insert into unit (serial_number, tower_id, unit_serial_number, sentience, power_level) values (95, 12, 40, 95, 9.7);
insert into unit (serial_number, tower_id, unit_serial_number, sentience, power_level) values (96, 3, 49, 96, 3.1);
insert into unit (serial_number, tower_id, unit_serial_number, sentience, power_level) values (97, 15, 84, 97, 7.9);
insert into unit (serial_number, tower_id, unit_serial_number, sentience, power_level) values (98, 12, 62, 98, 2.5);
insert into unit (serial_number, tower_id, unit_serial_number, sentience, power_level) values (99, 2, 89, 99, 4.8);
insert into unit (serial_number, tower_id, unit_serial_number, sentience, power_level) values (100, 2, 100, 100, 10);
insert into unit (serial_number, tower_id, unit_serial_number, sentience, power_level) values (101, 21, 100, 100, 10);
select setval(pg_get_serial_sequence('unit' , 'serial_number'),100);
select setval(pg_get_serial_sequence('unit' , 'unit_serial_number'),100);
--==========================================================================================================================================
insert into Deployment (deployment_id, mission_id, serial_number) values (1, 82, 100);
insert into Deployment (deployment_id, mission_id, serial_number) values (2, 80, 11);
insert into Deployment (deployment_id, mission_id, serial_number) values (3, 20, 29);
insert into Deployment (deployment_id, mission_id, serial_number) values (4, 66, 81);
insert into Deployment (deployment_id, mission_id, serial_number) values (5, 96, 54);
insert into Deployment (deployment_id, mission_id, serial_number) values (6, 64, 30);
insert into Deployment (deployment_id, mission_id, serial_number) values (7, 72, 42);
insert into Deployment (deployment_id, mission_id, serial_number) values (8, 96, 67);
insert into Deployment (deployment_id, mission_id, serial_number) values (9, 37, 75);
insert into Deployment (deployment_id, mission_id, serial_number) values (10, 19, 12);
insert into Deployment (deployment_id, mission_id, serial_number) values (11, 11, 92);
insert into Deployment (deployment_id, mission_id, serial_number) values (12, 98, 4);
insert into Deployment (deployment_id, mission_id, serial_number) values (13, 95, 35);
insert into Deployment (deployment_id, mission_id, serial_number) values (14, 52, 94);
insert into Deployment (deployment_id, mission_id, serial_number) values (15, 61, 17);
insert into Deployment (deployment_id, mission_id, serial_number) values (16, 60, 97);
insert into Deployment (deployment_id, mission_id, serial_number) values (17, 19, 74);
insert into Deployment (deployment_id, mission_id, serial_number) values (18, 18, 93);
insert into Deployment (deployment_id, mission_id, serial_number) values (19, 48, 35);
insert into Deployment (deployment_id, mission_id, serial_number) values (20, 39, 88);
insert into Deployment (deployment_id, mission_id, serial_number) values (21, 11, 43);
insert into Deployment (deployment_id, mission_id, serial_number) values (22, 50, 98);
insert into Deployment (deployment_id, mission_id, serial_number) values (23, 58, 2);
insert into Deployment (deployment_id, mission_id, serial_number) values (24, 72, 28);
insert into Deployment (deployment_id, mission_id, serial_number) values (25, 57, 33);
insert into Deployment (deployment_id, mission_id, serial_number) values (26, 24, 50);
insert into Deployment (deployment_id, mission_id, serial_number) values (27, 9, 1);
insert into Deployment (deployment_id, mission_id, serial_number) values (28, 53, 87);
insert into Deployment (deployment_id, mission_id, serial_number) values (29, 80, 79);
insert into Deployment (deployment_id, mission_id, serial_number) values (30, 47, 13);
insert into Deployment (deployment_id, mission_id, serial_number) values (31, 70, 15);
insert into Deployment (deployment_id, mission_id, serial_number) values (32, 79, 33);
insert into Deployment (deployment_id, mission_id, serial_number) values (33, 43, 93);
insert into Deployment (deployment_id, mission_id, serial_number) values (34, 66, 63);
insert into Deployment (deployment_id, mission_id, serial_number) values (35, 30, 33);
insert into Deployment (deployment_id, mission_id, serial_number) values (36, 31, 1);
insert into Deployment (deployment_id, mission_id, serial_number) values (37, 68, 20);
insert into Deployment (deployment_id, mission_id, serial_number) values (38, 93, 72);
insert into Deployment (deployment_id, mission_id, serial_number) values (39, 30, 78);
insert into Deployment (deployment_id, mission_id, serial_number) values (40, 58, 73);
insert into Deployment (deployment_id, mission_id, serial_number) values (41, 42, 89);
insert into Deployment (deployment_id, mission_id, serial_number) values (42, 98, 46);
insert into Deployment (deployment_id, mission_id, serial_number) values (43, 17, 56);
insert into Deployment (deployment_id, mission_id, serial_number) values (44, 27, 64);
insert into Deployment (deployment_id, mission_id, serial_number) values (45, 11, 36);
insert into Deployment (deployment_id, mission_id, serial_number) values (46, 52, 52);
insert into Deployment (deployment_id, mission_id, serial_number) values (47, 62, 2);
insert into Deployment (deployment_id, mission_id, serial_number) values (48, 45, 96);
insert into Deployment (deployment_id, mission_id, serial_number) values (49, 10, 58);
insert into Deployment (deployment_id, mission_id, serial_number) values (50, 98, 81);
insert into Deployment (deployment_id, mission_id, serial_number) values (51, 7, 13);
insert into Deployment (deployment_id, mission_id, serial_number) values (52, 55, 47);
insert into Deployment (deployment_id, mission_id, serial_number) values (53, 30, 7);
insert into Deployment (deployment_id, mission_id, serial_number) values (54, 55, 25);
insert into Deployment (deployment_id, mission_id, serial_number) values (55, 81, 81);
insert into Deployment (deployment_id, mission_id, serial_number) values (56, 44, 17);
insert into Deployment (deployment_id, mission_id, serial_number) values (57, 7, 42);
insert into Deployment (deployment_id, mission_id, serial_number) values (58, 16, 79);
insert into Deployment (deployment_id, mission_id, serial_number) values (59, 51, 82);
insert into Deployment (deployment_id, mission_id, serial_number) values (60, 48, 40);
insert into Deployment (deployment_id, mission_id, serial_number) values (61, 94, 41);
insert into Deployment (deployment_id, mission_id, serial_number) values (62, 22, 11);
insert into Deployment (deployment_id, mission_id, serial_number) values (63, 89, 20);
insert into Deployment (deployment_id, mission_id, serial_number) values (64, 68, 50);
insert into Deployment (deployment_id, mission_id, serial_number) values (65, 99, 97);
insert into Deployment (deployment_id, mission_id, serial_number) values (66, 26, 41);
insert into Deployment (deployment_id, mission_id, serial_number) values (67, 31, 89);
insert into Deployment (deployment_id, mission_id, serial_number) values (68, 28, 26);
insert into Deployment (deployment_id, mission_id, serial_number) values (69, 25, 100);
insert into Deployment (deployment_id, mission_id, serial_number) values (70, 23, 88);
insert into Deployment (deployment_id, mission_id, serial_number) values (71, 36, 8);
insert into Deployment (deployment_id, mission_id, serial_number) values (72, 91, 76);
insert into Deployment (deployment_id, mission_id, serial_number) values (73, 61, 43);
insert into Deployment (deployment_id, mission_id, serial_number) values (74, 80, 79);
insert into Deployment (deployment_id, mission_id, serial_number) values (75, 93, 41);
insert into Deployment (deployment_id, mission_id, serial_number) values (76, 53, 43);
insert into Deployment (deployment_id, mission_id, serial_number) values (77, 26, 93);
insert into Deployment (deployment_id, mission_id, serial_number) values (78, 30, 13);
insert into Deployment (deployment_id, mission_id, serial_number) values (79, 60, 65);
insert into Deployment (deployment_id, mission_id, serial_number) values (80, 33, 43);
insert into Deployment (deployment_id, mission_id, serial_number) values (81, 35, 87);
insert into Deployment (deployment_id, mission_id, serial_number) values (82, 68, 26);
insert into Deployment (deployment_id, mission_id, serial_number) values (83, 65, 62);
insert into Deployment (deployment_id, mission_id, serial_number) values (84, 39, 100);
insert into Deployment (deployment_id, mission_id, serial_number) values (85, 64, 67);
insert into Deployment (deployment_id, mission_id, serial_number) values (86, 19, 38);
insert into Deployment (deployment_id, mission_id, serial_number) values (87, 6, 56);
insert into Deployment (deployment_id, mission_id, serial_number) values (88, 89, 81);
insert into Deployment (deployment_id, mission_id, serial_number) values (89, 55, 74);
insert into Deployment (deployment_id, mission_id, serial_number) values (90, 61, 31);
insert into Deployment (deployment_id, mission_id, serial_number) values (91, 29, 42);
insert into Deployment (deployment_id, mission_id, serial_number) values (92, 64, 19);
insert into Deployment (deployment_id, mission_id, serial_number) values (93, 10, 9);
insert into Deployment (deployment_id, mission_id, serial_number) values (94, 31, 83);
insert into Deployment (deployment_id, mission_id, serial_number) values (95, 6, 70);
insert into Deployment (deployment_id, mission_id, serial_number) values (96, 98, 88);
insert into Deployment (deployment_id, mission_id, serial_number) values (97, 15, 32);
insert into Deployment (deployment_id, mission_id, serial_number) values (98, 15, 85);
insert into Deployment (deployment_id, mission_id, serial_number) values (99, 94, 96);
insert into Deployment (deployment_id, mission_id, serial_number) values (100, 100, 100);
insert into Deployment (deployment_id, mission_id, serial_number) values (101, 39, 100);
insert into Deployment (deployment_id, mission_id, serial_number) values (102, 4, 100);
select setval(pg_get_serial_sequence('Deployment' , 'deployment_id'),100);
--=======================================================================================================

